{"0": {"val_loss": 0.414345381334424, "f1_score": 0.6986899563318777, "MCC": 0.6271632129583881}, "1": {"val_loss": 0.4635490381810814, "f1_score": 0.7565084226646248, "MCC": 0.6052418128241718}, "2": {"val_loss": 0.3777506830985658, "f1_score": 0.807625649913345, "MCC": 0.6991489546142633}}