{"0": {"val_loss": 0.30343314819037914, "f1_score": 0.7625570776255708, "MCC": 0.6906024648990856}, "1": {"val_loss": 0.22645179253071546, "f1_score": 0.8739837398373984, "MCC": 0.8185827278473621}, "2": {"val_loss": 0.2735396246565506, "f1_score": 0.8509719222462203, "MCC": 0.7971270296889403}}