{"f1": 0.8512241054613936, "mcc": 0.7798648060577787}