{"f1": 0.7594433399602386, "mcc": 0.6491458843846949}