{"f1": 0.823529411764706, "mcc": 0.7453826942296566}