{"f1": 0.8300395256916996, "mcc": 0.7514432738601028}