{"f1": 0.8537074148296594, "mcc": 0.7874972125084168}