{"f1": 0.8492063492063493, "mcc": 0.7798632835129186}