{"f1": 0.8582834331337326, "mcc": 0.7937127804771394}