{"f1": 0.7267355982274742, "mcc": 0.6046329274165557}