{"f1": 0.8702928870292888, "mcc": 0.8177246968660349}